,maint,doors,persons,lug_boot,safety,class
107,vhigh,5more,more,big,high,unacc
901,vhigh,3,4,small,med,unacc
1709,low,5more,2,big,high,unacc
706,med,4,2,med,med,unacc
678,med,3,2,med,low,unacc
722,med,4,more,small,high,acc
429,low,5more,more,big,low,unacc
679,med,3,2,med,med,unacc
917,vhigh,3,more,big,high,acc
1230,low,3,4,big,low,unacc
128,high,2,more,small,high,unacc
810,low,4,2,small,low,unacc
1106,med,2,more,big,high,vgood
1168,med,5more,2,big,med,unacc
1108,med,3,2,small,med,unacc
973,high,2,2,small,med,unacc
1521,med,2,4,small,low,unacc
881,vhigh,2,4,big,high,acc
591,high,3,more,big,low,unacc
590,high,3,more,med,high,acc
1309,vhigh,2,4,med,med,unacc
1155,med,4,more,med,low,unacc
493,vhigh,4,2,big,med,unacc
1010,high,3,4,small,high,acc
1378,vhigh,5more,2,small,med,unacc
857,low,5more,more,small,high,acc
1280,low,5more,4,small,high,good
1121,med,3,4,med,high,acc
1428,high,2,more,big,low,unacc
819,low,4,4,small,low,unacc
534,vhigh,5more,more,med,low,unacc
701,med,3,more,big,high,acc
1652,low,3,2,med,high,unacc
226,med,2,4,small,med,unacc
231,med,2,4,big,low,unacc
693,med,3,more,small,low,unacc
1471,high,4,4,med,med,acc
543,high,2,2,med,low,unacc
163,high,4,2,small,med,unacc
842,low,5more,2,med,high,unacc
609,high,4,4,big,low,unacc
266,med,3,more,med,high,acc
148,high,3,4,med,med,unacc
439,vhigh,2,2,big,med,unacc
806,low,3,more,med,high,acc
1678,low,4,2,med,med,unacc
637,high,5more,4,big,med,acc
1362,vhigh,4,4,med,low,unacc
306,med,5more,4,small,low,unacc
192,high,5more,2,med,low,unacc
1425,high,2,more,med,low,unacc
309,med,5more,4,med,low,unacc
1561,med,3,more,med,med,good
63,vhigh,4,4,small,low,unacc
926,vhigh,4,2,big,high,unacc
1719,low,5more,more,small,low,unacc
1503,high,5more,more,small,low,unacc
1134,med,4,2,small,low,unacc
936,vhigh,4,more,small,low,unacc
1043,high,4,4,big,high,acc
598,high,4,2,med,med,unacc
1188,low,2,2,small,low,unacc
1295,low,5more,more,big,high,vgood
1179,med,5more,more,small,low,unacc
997,high,2,more,big,med,acc
218,med,2,2,small,high,unacc
631,high,5more,4,small,med,unacc
286,med,4,4,big,med,acc
583,high,3,4,big,med,acc
1392,vhigh,5more,4,big,low,unacc
1718,low,5more,4,big,high,vgood
361,low,3,4,small,med,unacc
593,high,3,more,big,high,acc
535,vhigh,5more,more,med,med,unacc
1604,med,5more,4,small,high,good
613,high,4,more,small,med,unacc
1417,high,2,4,med,med,acc
1322,vhigh,2,more,big,high,acc
1374,vhigh,4,more,big,low,unacc
817,low,4,2,big,med,unacc
1424,high,2,more,small,high,unacc
1246,low,4,2,med,med,unacc
619,high,4,more,big,med,acc
1074,high,5more,more,med,low,unacc
1235,low,3,more,small,high,good
538,vhigh,5more,more,big,med,unacc
1036,high,4,4,small,med,unacc
757,low,2,2,small,med,unacc
589,high,3,more,med,med,acc
907,vhigh,3,4,big,med,acc
1159,med,4,more,big,med,acc
1684,low,4,4,small,med,acc
1054,high,5more,2,small,med,unacc
611,high,4,4,big,high,acc
1242,low,4,2,small,low,unacc
772,low,2,4,big,med,acc
1140,med,4,2,big,low,unacc
277,med,4,2,big,med,unacc
1336,vhigh,3,4,med,med,unacc
1591,med,4,more,big,med,good
358,low,3,2,big,med,unacc
1472,high,4,4,med,high,vgood
236,med,2,more,small,high,unacc
781,low,2,more,big,med,acc
1435,high,3,2,med,med,unacc
1664,low,3,4,big,high,vgood
1110,med,3,2,med,low,unacc
1553,med,3,4,med,high,good
1281,low,5more,4,med,low,unacc
208,high,5more,more,small,med,unacc
1047,high,4,more,med,low,unacc
1470,high,4,4,med,low,unacc
1509,high,5more,more,big,low,unacc
58,vhigh,4,2,med,med,unacc
1221,low,3,2,big,low,unacc
1536,med,2,more,big,low,unacc
596,high,4,2,small,high,unacc
1524,med,2,4,med,low,unacc
1365,vhigh,4,4,big,low,unacc
363,low,3,4,med,low,unacc
567,high,3,2,small,low,unacc
354,low,3,2,med,low,unacc
427,low,5more,more,med,med,acc
1723,low,5more,more,med,med,good
1387,vhigh,5more,4,small,med,unacc
1568,med,4,2,small,high,unacc
963,vhigh,5more,more,small,low,unacc
1058,high,5more,2,med,high,unacc
1041,high,4,4,big,low,unacc
292,med,4,more,med,med,acc
1030,high,4,2,med,med,unacc
1324,vhigh,3,2,small,med,unacc
1580,med,4,4,med,high,vgood
118,high,2,4,small,med,unacc
1087,med,2,2,big,med,unacc
921,vhigh,4,2,med,low,unacc
588,high,3,more,med,low,unacc
233,med,2,4,big,high,acc
1114,med,3,2,big,med,unacc
1429,high,2,more,big,med,acc
196,high,5more,2,big,med,unacc
1455,high,3,more,big,low,unacc
1566,med,4,2,small,low,unacc
1443,high,3,4,med,low,unacc
81,vhigh,5more,2,small,low,unacc
1617,med,5more,more,big,low,unacc
1544,med,3,2,med,high,unacc
1326,vhigh,3,2,med,low,unacc
914,vhigh,3,more,med,high,acc
380,low,4,2,small,high,unacc
111,high,2,2,med,low,unacc
1487,high,5more,2,small,high,unacc
84,vhigh,5more,2,med,low,unacc
1452,high,3,more,med,low,unacc
985,high,2,4,med,med,unacc
1449,high,3,more,small,low,unacc
952,vhigh,5more,2,big,med,unacc
1691,low,4,4,big,high,vgood
930,vhigh,4,4,med,low,unacc
1236,low,3,more,med,low,unacc
310,med,5more,4,med,med,acc
778,low,2,more,med,med,unacc
1494,high,5more,4,small,low,unacc
938,vhigh,4,more,small,high,acc
1317,vhigh,2,more,med,low,unacc
705,med,4,2,med,low,unacc
670,med,2,more,med,med,unacc
451,vhigh,2,more,small,med,unacc
490,vhigh,4,2,med,med,unacc
1277,low,5more,2,big,high,unacc
287,med,4,4,big,high,acc
1639,low,2,more,small,med,unacc
1714,low,5more,4,med,med,good
1178,med,5more,4,big,high,vgood
585,high,3,more,small,low,unacc
1552,med,3,4,med,med,acc
1169,med,5more,2,big,high,unacc
1033,high,4,2,big,med,unacc
888,vhigh,2,more,big,low,unacc
1001,high,3,2,small,high,unacc
327,low,2,2,med,low,unacc
879,vhigh,2,4,big,low,unacc
1217,low,3,2,small,high,unacc
1415,high,2,4,small,high,acc
1541,med,3,2,small,high,unacc
674,med,2,more,big,high,acc
177,high,4,4,big,low,unacc
601,high,4,2,big,med,unacc
1073,high,5more,more,small,high,acc
86,vhigh,5more,2,med,high,unacc
1310,vhigh,2,4,med,high,acc
1635,low,2,4,big,low,unacc
457,vhigh,2,more,big,med,unacc
54,vhigh,4,2,small,low,unacc
1668,low,3,more,med,low,unacc
221,med,2,2,med,high,unacc
113,high,2,2,med,high,unacc
939,vhigh,4,more,med,low,unacc
1068,high,5more,4,big,low,unacc
765,low,2,4,small,low,unacc
174,high,4,4,med,low,unacc
1080,med,2,2,small,low,unacc
1348,vhigh,3,more,big,med,acc
18,vhigh,2,more,small,low,unacc
423,low,5more,more,small,low,unacc
1156,med,4,more,med,med,acc
285,med,4,4,big,low,unacc
1370,vhigh,4,more,small,high,acc
428,low,5more,more,med,high,acc
1305,vhigh,2,4,small,low,unacc
575,high,3,2,big,high,unacc
31,vhigh,3,2,med,med,unacc
721,med,4,more,small,med,unacc
1240,low,3,more,big,med,good
214,high,5more,more,big,med,unacc
1052,high,4,more,big,high,acc
326,low,2,2,small,high,unacc
560,high,2,more,small,high,unacc
1353,vhigh,4,2,med,low,unacc
1602,med,5more,4,small,low,unacc
1034,high,4,2,big,high,unacc
341,low,2,4,big,high,acc
147,high,3,4,med,low,unacc
360,low,3,4,small,low,unacc
83,vhigh,5more,2,small,high,unacc
48,vhigh,3,more,med,low,unacc
468,vhigh,3,4,small,low,unacc
155,high,3,more,small,high,unacc
1721,low,5more,more,small,high,good
1208,low,2,more,small,high,unacc
1046,high,4,more,small,high,acc
1506,high,5more,more,med,low,unacc
500,vhigh,4,4,med,high,unacc
179,high,4,4,big,high,unacc
1061,high,5more,2,big,high,unacc
614,high,4,more,small,high,acc
1009,high,3,4,small,med,unacc
528,vhigh,5more,4,big,low,unacc
346,low,2,more,med,med,unacc
1373,vhigh,4,more,med,high,acc
1689,low,4,4,big,low,unacc
668,med,2,more,small,high,unacc
862,low,5more,more,big,med,acc
946,vhigh,5more,2,small,med,unacc
832,low,4,more,med,med,acc
243,med,3,2,small,low,unacc
1681,low,4,2,big,med,unacc
1273,low,5more,2,med,med,unacc
312,med,5more,4,big,low,unacc
435,vhigh,2,2,med,low,unacc
1634,low,2,4,med,high,good
1023,high,3,more,big,low,unacc
308,med,5more,4,small,high,acc
430,low,5more,more,big,med,acc
370,low,3,more,small,med,unacc
566,high,2,more,big,high,acc
1554,med,3,4,big,low,unacc
181,high,4,more,small,med,unacc
1107,med,3,2,small,low,unacc
629,high,5more,2,big,high,unacc
906,vhigh,3,4,big,low,unacc
1647,low,3,2,small,low,unacc
296,med,4,more,big,high,acc
694,med,3,more,small,med,unacc
461,vhigh,3,2,small,high,unacc
1695,low,4,more,med,low,unacc
915,vhigh,3,more,big,low,unacc
377,low,3,more,big,high,acc
910,vhigh,3,more,small,med,unacc
1341,vhigh,3,more,small,low,unacc
126,high,2,more,small,low,unacc
1067,high,5more,4,med,high,acc
1576,med,4,4,small,med,acc
355,low,3,2,med,med,unacc
1399,vhigh,5more,more,med,med,acc
792,low,3,4,small,low,unacc
209,high,5more,more,small,high,unacc
680,med,3,2,med,high,unacc
140,high,3,2,med,high,unacc
1717,low,5more,4,big,med,good
1608,med,5more,4,big,low,unacc
987,high,2,4,big,low,unacc
1539,med,3,2,small,low,unacc
900,vhigh,3,4,small,low,unacc
1530,med,2,more,small,low,unacc
1253,low,4,4,small,high,good
1284,low,5more,4,big,low,unacc
1357,vhigh,4,2,big,med,unacc
10,vhigh,2,4,small,med,unacc
948,vhigh,5more,2,med,low,unacc
282,med,4,4,med,low,unacc
291,med,4,more,med,low,unacc
626,high,5more,2,med,high,unacc
754,med,5more,more,big,med,acc
1467,high,4,4,small,low,unacc
129,high,2,more,med,low,unacc
323,med,5more,more,big,high,acc
1565,med,3,more,big,high,vgood
1672,low,3,more,big,med,good
1690,low,4,4,big,med,good
786,low,3,2,med,low,unacc
669,med,2,more,med,low,unacc
922,vhigh,4,2,med,med,unacc
820,low,4,4,small,med,unacc
158,high,3,more,med,high,unacc
755,med,5more,more,big,high,acc
634,high,5more,4,med,med,acc
516,vhigh,5more,2,med,low,unacc
1231,low,3,4,big,med,good
597,high,4,2,med,low,unacc
195,high,5more,2,big,low,unacc
1422,high,2,more,small,low,unacc
1079,high,5more,more,big,high,acc
410,low,5more,2,med,high,unacc
96,vhigh,5more,4,big,low,unacc
1298,vhigh,2,2,small,high,unacc
1202,low,2,4,med,high,good
156,high,3,more,med,low,unacc
419,low,5more,4,med,high,acc
905,vhigh,3,4,med,high,acc
477,vhigh,3,more,small,low,unacc
1595,med,5more,2,small,high,unacc
816,low,4,2,big,low,unacc
845,low,5more,2,big,high,unacc
1125,med,3,more,small,low,unacc
447,vhigh,2,4,big,low,unacc
1315,vhigh,2,more,small,med,unacc
178,high,4,4,big,med,unacc
390,low,4,4,med,low,unacc
578,high,3,4,small,high,acc
1022,high,3,more,med,high,acc
1654,low,3,2,big,med,unacc
839,low,5more,2,small,high,unacc
1423,high,2,more,small,med,unacc
692,med,3,4,big,high,acc
893,vhigh,3,2,small,high,unacc
1113,med,3,2,big,low,unacc
1676,low,4,2,small,high,unacc
664,med,2,4,big,med,acc
142,high,3,2,big,med,unacc
1343,vhigh,3,more,small,high,acc
1232,low,3,4,big,high,vgood
1477,high,4,more,small,med,acc
636,high,5more,4,big,low,unacc
1211,low,2,more,med,high,good
859,low,5more,more,med,med,acc
615,high,4,more,med,low,unacc
294,med,4,more,big,low,unacc
712,med,4,4,small,med,unacc
1720,low,5more,more,small,med,acc
88,vhigh,5more,2,big,med,unacc
41,vhigh,3,4,med,high,unacc
1666,low,3,more,small,med,acc
131,high,2,more,med,high,unacc
767,low,2,4,small,high,acc
756,low,2,2,small,low,unacc
864,vhigh,2,2,small,low,unacc
1598,med,5more,2,med,high,unacc
1132,med,3,more,big,med,acc
164,high,4,2,small,high,unacc
290,med,4,more,small,high,acc
1632,low,2,4,med,low,unacc
780,low,2,more,big,low,unacc
348,low,2,more,big,low,unacc
571,high,3,2,med,med,unacc
745,med,5more,4,big,med,acc
1625,low,2,2,med,high,unacc
904,vhigh,3,4,med,med,unacc
1377,vhigh,5more,2,small,low,unacc
1137,med,4,2,med,low,unacc
785,low,3,2,small,high,unacc
458,vhigh,2,more,big,high,unacc
375,low,3,more,big,low,unacc
333,low,2,4,small,low,unacc
1000,high,3,2,small,med,unacc
1519,med,2,2,big,med,unacc
1517,med,2,2,med,high,unacc
932,vhigh,4,4,med,high,acc
1706,low,5more,2,med,high,unacc
1600,med,5more,2,big,med,unacc
744,med,5more,4,big,low,unacc
328,low,2,2,med,med,unacc
809,low,3,more,big,high,acc
318,med,5more,more,med,low,unacc
1323,vhigh,3,2,small,low,unacc
1170,med,5more,4,small,low,unacc
1686,low,4,4,med,low,unacc
167,high,4,2,med,high,unacc
12,vhigh,2,4,med,low,unacc
171,high,4,4,small,low,unacc
649,med,2,2,small,med,unacc
260,med,3,4,big,high,acc
1055,high,5more,2,small,high,unacc
1214,low,2,more,big,high,vgood
672,med,2,more,big,low,unacc
258,med,3,4,big,low,unacc
1222,low,3,2,big,med,unacc
138,high,3,2,med,low,unacc
549,high,2,4,small,low,unacc
1100,med,2,more,small,high,unacc
1320,vhigh,2,more,big,low,unacc
1075,high,5more,more,med,med,acc
1026,high,4,2,small,low,unacc
558,high,2,more,small,low,unacc
139,high,3,2,med,med,unacc
1501,high,5more,4,big,med,acc
531,vhigh,5more,more,small,low,unacc
224,med,2,2,big,high,unacc
723,med,4,more,med,low,unacc
1006,high,3,2,big,med,unacc
409,low,5more,2,med,med,unacc
325,low,2,2,small,med,unacc
903,vhigh,3,4,med,low,unacc
299,med,5more,2,small,high,unacc
1722,low,5more,more,med,low,unacc
1605,med,5more,4,med,low,unacc
1380,vhigh,5more,2,med,low,unacc
1601,med,5more,2,big,high,unacc
714,med,4,4,med,low,unacc
193,high,5more,2,med,med,unacc
440,vhigh,2,2,big,high,unacc
573,high,3,2,big,low,unacc
503,vhigh,4,4,big,high,unacc
605,high,4,4,small,high,acc
1007,high,3,2,big,high,unacc
1542,med,3,2,med,low,unacc
3,vhigh,2,2,med,low,unacc
984,high,2,4,med,low,unacc
1614,med,5more,more,med,low,unacc
467,vhigh,3,2,big,high,unacc
321,med,5more,more,big,low,unacc
5,vhigh,2,2,med,high,unacc
222,med,2,2,big,low,unacc
547,high,2,2,big,med,unacc
988,high,2,4,big,med,acc
39,vhigh,3,4,med,low,unacc
542,high,2,2,small,high,unacc
242,med,2,more,big,high,acc
962,vhigh,5more,4,big,high,acc
136,high,3,2,small,med,unacc
1704,low,5more,2,med,low,unacc
1361,vhigh,4,4,small,high,acc
1272,low,5more,2,med,low,unacc
1196,low,2,2,big,high,unacc
886,vhigh,2,more,med,med,unacc
1223,low,3,2,big,high,unacc
993,high,2,more,med,low,unacc
1573,med,4,2,big,med,unacc
581,high,3,4,med,high,acc
1523,med,2,4,small,high,good
1698,low,4,more,big,low,unacc
661,med,2,4,med,med,unacc
436,vhigh,2,2,med,med,unacc
1599,med,5more,2,big,low,unacc
376,low,3,more,big,med,acc
1274,low,5more,2,med,high,unacc
314,med,5more,4,big,high,acc
442,vhigh,2,4,small,med,unacc
978,high,2,2,big,low,unacc
319,med,5more,more,med,med,acc
281,med,4,4,small,high,acc
873,vhigh,2,4,small,low,unacc
1085,med,2,2,med,high,unacc
1299,vhigh,2,2,med,low,unacc
424,low,5more,more,small,med,unacc
553,high,2,4,med,med,unacc
594,high,4,2,small,low,unacc
1692,low,4,more,small,low,unacc
368,low,3,4,big,high,acc
1335,vhigh,3,4,med,low,unacc
1497,high,5more,4,med,low,unacc
1445,high,3,4,med,high,acc
1514,med,2,2,small,high,unacc
1643,low,2,more,med,high,good
227,med,2,4,small,high,acc
937,vhigh,4,more,small,med,unacc
1151,med,4,4,big,high,vgood
1146,med,4,4,med,low,unacc
1441,high,3,4,small,med,acc
66,vhigh,4,4,med,low,unacc
393,low,4,4,big,low,unacc
579,high,3,4,med,low,unacc
24,vhigh,2,more,big,low,unacc
211,high,5more,more,med,med,unacc
1329,vhigh,3,2,big,low,unacc
144,high,3,4,small,low,unacc
536,vhigh,5more,more,med,high,unacc
811,low,4,2,small,med,unacc
942,vhigh,4,more,big,low,unacc
1120,med,3,4,med,med,acc
85,vhigh,5more,2,med,med,unacc
1555,med,3,4,big,med,good
272,med,4,2,small,high,unacc
1116,med,3,4,small,low,unacc
1029,high,4,2,med,low,unacc
865,vhigh,2,2,small,med,unacc
1557,med,3,more,small,low,unacc
630,high,5more,4,small,low,unacc
1703,low,5more,2,small,high,unacc
1612,med,5more,more,small,med,acc
1182,med,5more,more,med,low,unacc
1613,med,5more,more,small,high,good
505,vhigh,4,more,small,med,unacc
273,med,4,2,med,low,unacc
950,vhigh,5more,2,med,high,unacc
1138,med,4,2,med,med,unacc
362,low,3,4,small,high,acc
1395,vhigh,5more,more,small,low,unacc
622,high,5more,2,small,med,unacc
2,vhigh,2,2,small,high,unacc
6,vhigh,2,2,big,low,unacc
311,med,5more,4,med,high,acc
1167,med,5more,2,big,low,unacc
867,vhigh,2,2,med,low,unacc
665,med,2,4,big,high,acc
364,low,3,4,med,med,unacc
1701,low,5more,2,small,low,unacc
215,high,5more,more,big,high,unacc
1659,low,3,4,med,low,unacc
27,vhigh,3,2,small,low,unacc
1237,low,3,more,med,med,good
525,vhigh,5more,4,med,low,unacc
1581,med,4,4,big,low,unacc
887,vhigh,2,more,med,high,acc
638,high,5more,4,big,high,acc
1289,low,5more,more,small,high,good
718,med,4,4,big,med,acc
691,med,3,4,big,med,acc
1355,vhigh,4,2,med,high,unacc
1173,med,5more,4,med,low,unacc
624,high,5more,2,med,low,unacc
7,vhigh,2,2,big,med,unacc
256,med,3,4,med,med,unacc
803,low,3,more,small,high,acc
25,vhigh,2,more,big,med,unacc
336,low,2,4,med,low,unacc
572,high,3,2,med,high,unacc
47,vhigh,3,more,small,high,unacc
1276,low,5more,2,big,med,unacc
106,vhigh,5more,more,big,med,unacc
349,low,2,more,big,med,acc
55,vhigh,4,2,small,med,unacc
238,med,2,more,med,med,unacc
213,high,5more,more,big,low,unacc
120,high,2,4,med,low,unacc
1089,med,2,4,small,low,unacc
1688,low,4,4,med,high,vgood
793,low,3,4,small,med,unacc
72,vhigh,4,more,small,low,unacc
812,low,4,2,small,high,unacc
1491,high,5more,2,big,low,unacc
77,vhigh,4,more,med,high,unacc
1271,low,5more,2,small,high,unacc
45,vhigh,3,more,small,low,unacc
1447,high,3,4,big,med,acc
523,vhigh,5more,4,small,med,unacc
232,med,2,4,big,med,acc
644,high,5more,more,med,high,acc
1677,low,4,2,med,low,unacc
1303,vhigh,2,2,big,med,unacc
1037,high,4,4,small,high,acc
533,vhigh,5more,more,small,high,unacc
1421,high,2,4,big,high,vgood
1304,vhigh,2,2,big,high,unacc
603,high,4,4,small,low,unacc
465,vhigh,3,2,big,low,unacc
1630,low,2,4,small,med,acc
788,low,3,2,med,high,unacc
1464,high,4,2,big,low,unacc
1645,low,2,more,big,med,good
1128,med,3,more,med,low,unacc
60,vhigh,4,2,big,low,unacc
1096,med,2,4,big,med,acc
92,vhigh,5more,4,small,high,unacc
666,med,2,more,small,low,unacc
923,vhigh,4,2,med,high,unacc
1460,high,4,2,small,high,unacc
194,high,5more,2,med,high,unacc
280,med,4,4,small,med,unacc
695,med,3,more,small,high,acc
1209,low,2,more,med,low,unacc
359,low,3,2,big,high,unacc
1259,low,4,4,big,high,vgood
519,vhigh,5more,2,big,low,unacc
1239,low,3,more,big,low,unacc
1049,high,4,more,med,high,acc
1436,high,3,2,med,high,unacc
847,low,5more,4,small,med,unacc
182,high,4,more,small,high,unacc
1177,med,5more,4,big,med,acc
1187,med,5more,more,big,high,vgood
110,high,2,2,small,high,unacc
1551,med,3,4,med,low,unacc
1063,high,5more,4,small,med,unacc
42,vhigh,3,4,big,low,unacc
746,med,5more,4,big,high,acc
125,high,2,4,big,high,unacc
204,high,5more,4,big,low,unacc
1401,vhigh,5more,more,big,low,unacc
52,vhigh,3,more,big,med,unacc
1673,low,3,more,big,high,vgood
545,high,2,2,med,high,unacc
68,vhigh,4,4,med,high,unacc
1376,vhigh,4,more,big,high,acc
507,vhigh,4,more,med,low,unacc
1338,vhigh,3,4,big,low,unacc
329,low,2,2,med,high,unacc
994,high,2,more,med,med,unacc
183,high,4,more,med,low,unacc
137,high,3,2,small,high,unacc
899,vhigh,3,2,big,high,unacc
796,low,3,4,med,med,unacc
132,high,2,more,big,low,unacc
80,vhigh,4,more,big,high,unacc
1391,vhigh,5more,4,med,high,acc
105,vhigh,5more,more,big,low,unacc
1333,vhigh,3,4,small,med,unacc
541,high,2,2,small,med,unacc
1526,med,2,4,med,high,good
480,vhigh,3,more,med,low,unacc
165,high,4,2,med,low,unacc
248,med,3,2,med,high,unacc
307,med,5more,4,small,med,unacc
446,vhigh,2,4,med,high,unacc
983,high,2,4,small,high,acc
858,low,5more,more,med,low,unacc
334,low,2,4,small,med,unacc
1053,high,5more,2,small,low,unacc
849,low,5more,4,med,low,unacc
97,vhigh,5more,4,big,med,unacc
1004,high,3,2,med,high,unacc
1702,low,5more,2,small,med,unacc
737,med,5more,2,big,high,unacc
1090,med,2,4,small,med,acc
1258,low,4,4,big,med,good
421,low,5more,4,big,med,acc
102,vhigh,5more,more,med,low,unacc
434,vhigh,2,2,small,high,unacc
74,vhigh,4,more,small,high,unacc
1546,med,3,2,big,med,unacc
909,vhigh,3,more,small,low,unacc
1713,low,5more,4,med,low,unacc
228,med,2,4,med,low,unacc
1567,med,4,2,small,med,unacc
918,vhigh,4,2,small,low,unacc
302,med,5more,2,med,high,unacc
1715,low,5more,4,med,high,vgood
1446,high,3,4,big,low,unacc
1403,vhigh,5more,more,big,high,acc
824,low,4,4,med,high,acc
762,low,2,2,big,low,unacc
733,med,5more,2,med,med,unacc
989,high,2,4,big,high,acc
388,low,4,4,small,med,unacc
235,med,2,more,small,med,unacc
1427,high,2,more,med,high,acc
1636,low,2,4,big,med,good
267,med,3,more,big,low,unacc
305,med,5more,2,big,high,unacc
1149,med,4,4,big,low,unacc
1505,high,5more,more,small,high,acc
117,high,2,4,small,low,unacc
1656,low,3,4,small,low,unacc
673,med,2,more,big,med,acc
249,med,3,2,big,low,unacc
1252,low,4,4,small,med,acc
1234,low,3,more,small,med,acc
71,vhigh,4,4,big,high,unacc
94,vhigh,5more,4,med,med,unacc
1105,med,2,more,big,med,acc
33,vhigh,3,2,big,low,unacc
799,low,3,4,big,med,acc
1262,low,4,more,small,high,good
1444,high,3,4,med,med,acc
448,vhigh,2,4,big,med,unacc
445,vhigh,2,4,med,med,unacc
771,low,2,4,big,low,unacc
716,med,4,4,med,high,acc
1420,high,2,4,big,med,acc
1312,vhigh,2,4,big,med,acc
0,vhigh,2,2,small,low,unacc
1185,med,5more,more,big,low,unacc
82,vhigh,5more,2,small,med,unacc
1117,med,3,4,small,med,acc
676,med,3,2,small,med,unacc
1251,low,4,4,small,low,unacc
770,low,2,4,med,high,acc
1057,high,5more,2,med,med,unacc
1111,med,3,2,med,med,unacc
1368,vhigh,4,more,small,low,unacc
1285,low,5more,4,big,med,good
404,low,4,more,big,high,acc
1597,med,5more,2,med,med,unacc
1124,med,3,4,big,high,vgood
104,vhigh,5more,more,med,high,unacc
688,med,3,4,med,med,unacc
1351,vhigh,4,2,small,med,unacc
826,low,4,4,big,med,acc
62,vhigh,4,2,big,high,unacc
852,low,5more,4,big,low,unacc
1165,med,5more,2,med,med,unacc
223,med,2,2,big,med,unacc
145,high,3,4,small,med,unacc
373,low,3,more,med,med,acc
1473,high,4,4,big,low,unacc
1575,med,4,4,small,low,unacc
1290,low,5more,more,med,low,unacc
1385,vhigh,5more,2,big,high,unacc
1102,med,2,more,med,med,acc
9,vhigh,2,4,small,low,unacc
449,vhigh,2,4,big,high,unacc
708,med,4,2,big,low,unacc
255,med,3,4,med,low,unacc
882,vhigh,2,more,small,low,unacc
389,low,4,4,small,high,acc
908,vhigh,3,4,big,high,acc
924,vhigh,4,2,big,low,unacc
1476,high,4,more,small,low,unacc
1375,vhigh,4,more,big,med,acc
460,vhigh,3,2,small,med,unacc
1101,med,2,more,med,low,unacc
958,vhigh,5more,4,med,med,acc
501,vhigh,4,4,big,low,unacc
739,med,5more,4,small,med,unacc
1594,med,5more,2,small,med,unacc
868,vhigh,2,2,med,med,unacc
731,med,5more,2,small,high,unacc
539,vhigh,5more,more,big,high,unacc
697,med,3,more,med,med,acc
1200,low,2,4,med,low,unacc
1412,high,2,2,big,high,unacc
1031,high,4,2,med,high,unacc
372,low,3,more,med,low,unacc
667,med,2,more,small,med,unacc
1319,vhigh,2,more,med,high,acc
357,low,3,2,big,low,unacc
967,vhigh,5more,more,med,med,acc
783,low,3,2,small,low,unacc
735,med,5more,2,big,low,unacc
1035,high,4,4,small,low,unacc
970,vhigh,5more,more,big,med,acc
1318,vhigh,2,more,med,med,unacc
1283,low,5more,4,med,high,vgood
1287,low,5more,more,small,low,unacc
1466,high,4,2,big,high,unacc
1486,high,5more,2,small,med,unacc
885,vhigh,2,more,med,low,unacc
79,vhigh,4,more,big,med,unacc
814,low,4,2,med,med,unacc
1316,vhigh,2,more,small,high,unacc
671,med,2,more,med,high,acc
1325,vhigh,3,2,small,high,unacc
57,vhigh,4,2,med,low,unacc
133,high,2,more,big,med,unacc
933,vhigh,4,4,big,low,unacc
1458,high,4,2,small,low,unacc
823,low,4,4,med,med,acc
504,vhigh,4,more,small,low,unacc
1533,med,2,more,med,low,unacc
347,low,2,more,med,high,acc
386,low,4,2,big,high,unacc
1024,high,3,more,big,med,acc
894,vhigh,3,2,med,low,unacc
828,low,4,more,small,low,unacc
1629,low,2,4,small,low,unacc
475,vhigh,3,4,big,med,unacc
1269,low,5more,2,small,low,unacc
1204,low,2,4,big,med,good
652,med,2,2,med,med,unacc
172,high,4,4,small,med,unacc
38,vhigh,3,4,small,high,unacc
713,med,4,4,small,high,acc
90,vhigh,5more,4,small,low,unacc
1669,low,3,more,med,med,good
875,vhigh,2,4,small,high,acc
1163,med,5more,2,small,high,unacc
1093,med,2,4,med,med,acc
1174,med,5more,4,med,med,acc
1710,low,5more,4,small,low,unacc
499,vhigh,4,4,med,med,unacc
338,low,2,4,med,high,acc
28,vhigh,3,2,small,med,unacc
1142,med,4,2,big,high,unacc
1569,med,4,2,med,low,unacc
945,vhigh,5more,2,small,low,unacc
169,high,4,2,big,med,unacc
912,vhigh,3,more,med,low,unacc
491,vhigh,4,2,med,high,unacc
953,vhigh,5more,2,big,high,unacc
1097,med,2,4,big,high,vgood
1032,high,4,2,big,low,unacc
587,high,3,more,small,high,acc
750,med,5more,more,med,low,unacc
657,med,2,4,small,low,unacc
234,med,2,more,small,low,unacc
732,med,5more,2,med,low,unacc
1268,low,4,more,big,high,vgood
1531,med,2,more,small,med,unacc
934,vhigh,4,4,big,med,acc
1065,high,5more,4,med,low,unacc
108,high,2,2,small,low,unacc
1334,vhigh,3,4,small,high,acc
568,high,3,2,small,med,unacc
890,vhigh,2,more,big,high,acc
947,vhigh,5more,2,small,high,unacc
1048,high,4,more,med,med,acc
1164,med,5more,2,med,low,unacc
1181,med,5more,more,small,high,acc
1247,low,4,2,med,high,unacc
884,vhigh,2,more,small,high,unacc
1448,high,3,4,big,high,vgood
850,low,5more,4,med,med,acc
734,med,5more,2,med,high,unacc
717,med,4,4,big,low,unacc
454,vhigh,2,more,med,med,unacc
264,med,3,more,med,low,unacc
75,vhigh,4,more,med,low,unacc
444,vhigh,2,4,med,low,unacc
395,low,4,4,big,high,acc
176,high,4,4,med,high,unacc
1042,high,4,4,big,med,acc
1502,high,5more,4,big,high,vgood
1577,med,4,4,small,high,good
1189,low,2,2,small,med,unacc
595,high,4,2,small,med,unacc
61,vhigh,4,2,big,med,unacc
872,vhigh,2,2,big,high,unacc
1286,low,5more,4,big,high,vgood
1619,med,5more,more,big,high,vgood
278,med,4,2,big,high,unacc
36,vhigh,3,4,small,low,unacc
662,med,2,4,med,high,acc
1558,med,3,more,small,med,acc
1245,low,4,2,med,low,unacc
977,high,2,2,med,high,unacc
1360,vhigh,4,4,small,med,unacc
738,med,5more,4,small,low,unacc
191,high,5more,2,small,high,unacc
919,vhigh,4,2,small,med,unacc
456,vhigh,2,more,big,low,unacc
675,med,3,2,small,low,unacc
760,low,2,2,med,med,unacc
1559,med,3,more,small,high,good
728,med,4,more,big,high,acc
412,low,5more,2,big,med,unacc
1098,med,2,more,small,low,unacc
825,low,4,4,big,low,unacc
616,high,4,more,med,med,acc
114,high,2,2,big,low,unacc
417,low,5more,4,med,low,unacc
1644,low,2,more,big,low,unacc
969,vhigh,5more,more,big,low,unacc
604,high,4,4,small,med,unacc
1651,low,3,2,med,med,unacc
89,vhigh,5more,2,big,high,unacc
848,low,5more,4,small,high,acc
1314,vhigh,2,more,small,low,unacc
1650,low,3,2,med,low,unacc
753,med,5more,more,big,low,unacc
498,vhigh,4,4,med,low,unacc
11,vhigh,2,4,small,high,unacc
396,low,4,more,small,low,unacc
284,med,4,4,med,high,acc
1066,high,5more,4,med,med,acc
1191,low,2,2,med,low,unacc
690,med,3,4,big,low,unacc
1646,low,2,more,big,high,vgood
1616,med,5more,more,med,high,vgood
689,med,3,4,med,high,acc
851,low,5more,4,med,high,acc
159,high,3,more,big,low,unacc
895,vhigh,3,2,med,med,unacc
1364,vhigh,4,4,med,high,acc
257,med,3,4,med,high,acc
335,low,2,4,small,high,acc
1620,low,2,2,small,low,unacc
1039,high,4,4,med,med,acc
515,vhigh,5more,2,small,high,unacc
1015,high,3,4,big,med,acc
768,low,2,4,med,low,unacc
1510,high,5more,more,big,med,acc
761,low,2,2,med,high,unacc
1203,low,2,4,big,low,unacc
1548,med,3,4,small,low,unacc
1712,low,5more,4,small,high,good
521,vhigh,5more,2,big,high,unacc
22,vhigh,2,more,med,med,unacc
356,low,3,2,med,high,unacc
1457,high,3,more,big,high,vgood
340,low,2,4,big,med,acc
431,low,5more,more,big,high,acc
473,vhigh,3,4,med,high,unacc
217,med,2,2,small,med,unacc
911,vhigh,3,more,small,high,acc
1227,low,3,4,med,low,unacc
1381,vhigh,5more,2,med,med,unacc
1011,high,3,4,med,low,unacc
1680,low,4,2,big,low,unacc
93,vhigh,5more,4,med,low,unacc
1008,high,3,4,small,low,unacc
1070,high,5more,4,big,high,acc
1092,med,2,4,med,low,unacc
1468,high,4,4,small,med,acc
696,med,3,more,med,low,unacc
1547,med,3,2,big,high,unacc
996,high,2,more,big,low,unacc
153,high,3,more,small,low,unacc
1099,med,2,more,small,med,unacc
1489,high,5more,2,med,med,unacc
1725,low,5more,more,big,low,unacc
789,low,3,2,big,low,unacc
580,high,3,4,med,med,unacc
703,med,4,2,small,med,unacc
1212,low,2,more,big,low,unacc
1442,high,3,4,small,high,acc
1260,low,4,more,small,low,unacc
487,vhigh,4,2,small,med,unacc
559,high,2,more,small,med,unacc
1141,med,4,2,big,med,unacc
1119,med,3,4,med,low,unacc
801,low,3,more,small,low,unacc
512,vhigh,4,more,big,high,unacc
633,high,5more,4,med,low,unacc
1627,low,2,2,big,med,unacc
1543,med,3,2,med,med,unacc
1150,med,4,4,big,med,acc
790,low,3,2,big,med,unacc
116,high,2,2,big,high,unacc
740,med,5more,4,small,high,acc
1081,med,2,2,small,med,unacc
830,low,4,more,small,high,acc
119,high,2,4,small,high,unacc
656,med,2,2,big,high,unacc
1641,low,2,more,med,low,unacc
635,high,5more,4,med,high,acc
369,low,3,more,small,low,unacc
268,med,3,more,big,med,acc
655,med,2,2,big,med,unacc
935,vhigh,4,4,big,high,acc
822,low,4,4,med,low,unacc
866,vhigh,2,2,small,high,unacc
46,vhigh,3,more,small,med,unacc
1603,med,5more,4,small,med,acc
991,high,2,more,small,med,unacc
876,vhigh,2,4,med,low,unacc
773,low,2,4,big,high,acc
1219,low,3,2,med,med,unacc
1727,low,5more,more,big,high,vgood
4,vhigh,2,2,med,med,unacc
1003,high,3,2,med,med,unacc
1492,high,5more,2,big,med,unacc
263,med,3,more,small,high,acc
1358,vhigh,4,2,big,high,unacc
1578,med,4,4,med,low,unacc
443,vhigh,2,4,small,high,unacc
1002,high,3,2,med,low,unacc
1077,high,5more,more,big,low,unacc
837,low,5more,2,small,low,unacc
1545,med,3,2,big,low,unacc
304,med,5more,2,big,med,unacc
1350,vhigh,4,2,small,low,unacc
313,med,5more,4,big,med,acc
149,high,3,4,med,high,unacc
1148,med,4,4,med,high,vgood
1213,low,2,more,big,med,good
574,high,3,2,big,med,unacc
50,vhigh,3,more,med,high,unacc
1342,vhigh,3,more,small,med,unacc
726,med,4,more,big,low,unacc
833,low,4,more,med,high,acc
1115,med,3,2,big,high,unacc
1166,med,5more,2,med,high,unacc
470,vhigh,3,4,small,high,unacc
971,vhigh,5more,more,big,high,acc
653,med,2,2,med,high,unacc
399,low,4,more,med,low,unacc
511,vhigh,4,more,big,med,unacc
320,med,5more,more,med,high,acc
19,vhigh,2,more,small,med,unacc
684,med,3,4,small,low,unacc
35,vhigh,3,2,big,high,unacc
902,vhigh,3,4,small,high,acc
827,low,4,4,big,high,acc
1550,med,3,4,small,high,good
407,low,5more,2,small,high,unacc
920,vhigh,4,2,small,high,unacc
537,vhigh,5more,more,big,low,unacc
758,low,2,2,small,high,unacc
1062,high,5more,4,small,low,unacc
1199,low,2,4,small,high,good
245,med,3,2,small,high,unacc
1127,med,3,more,small,high,acc
784,low,3,2,small,med,unacc
489,vhigh,4,2,med,low,unacc
154,high,3,more,small,med,unacc
961,vhigh,5more,4,big,med,acc
853,low,5more,4,big,med,acc
1311,vhigh,2,4,big,low,unacc
625,high,5more,2,med,med,unacc
685,med,3,4,small,med,unacc
569,high,3,2,small,high,unacc
1642,low,2,more,med,med,acc
17,vhigh,2,4,big,high,unacc
127,high,2,more,small,med,unacc
1346,vhigh,3,more,med,high,acc
1279,low,5more,4,small,med,acc
1697,low,4,more,med,high,vgood
927,vhigh,4,4,small,low,unacc
980,high,2,2,big,high,unacc
1693,low,4,more,small,med,acc
190,high,5more,2,small,med,unacc
1139,med,4,2,med,high,unacc
992,high,2,more,small,high,unacc
1708,low,5more,2,big,med,unacc
1433,high,3,2,small,high,unacc
606,high,4,4,med,low,unacc
180,high,4,more,small,low,unacc
301,med,5more,2,med,med,unacc
496,vhigh,4,4,small,med,unacc
1480,high,4,more,med,med,acc
1653,low,3,2,big,low,unacc
1418,high,2,4,med,high,acc
517,vhigh,5more,2,med,med,unacc
1069,high,5more,4,big,med,acc
476,vhigh,3,4,big,high,unacc
157,high,3,more,med,med,unacc
1243,low,4,2,small,med,unacc
1195,low,2,2,big,med,unacc
16,vhigh,2,4,big,med,unacc
1072,high,5more,more,small,med,unacc
1700,low,4,more,big,high,vgood
546,high,2,2,big,low,unacc
658,med,2,4,small,med,unacc
1406,high,2,2,small,high,unacc
1019,high,3,more,small,high,acc
1490,high,5more,2,med,high,unacc
959,vhigh,5more,4,med,high,acc
1622,low,2,2,small,high,unacc
283,med,4,4,med,med,acc
797,low,3,4,med,high,acc
1407,high,2,2,med,low,unacc
225,med,2,4,small,low,unacc
26,vhigh,2,more,big,high,unacc
1537,med,2,more,big,med,good
437,vhigh,2,2,med,high,unacc
1679,low,4,2,med,high,unacc
1388,vhigh,5more,4,small,high,acc
229,med,2,4,med,med,unacc
37,vhigh,3,4,small,med,unacc
749,med,5more,more,small,high,acc
1045,high,4,more,small,med,unacc
469,vhigh,3,4,small,med,unacc
1465,high,4,2,big,med,unacc
1696,low,4,more,med,med,good
687,med,3,4,med,low,unacc
1588,med,4,more,med,med,good
639,high,5more,more,small,low,unacc
1483,high,4,more,big,med,acc
1218,low,3,2,med,low,unacc
1158,med,4,more,big,low,unacc
1432,high,3,2,small,med,unacc
1300,vhigh,2,2,med,med,unacc
1571,med,4,2,med,high,unacc
800,low,3,4,big,high,acc
160,high,3,more,big,med,unacc
956,vhigh,5more,4,small,high,acc
1186,med,5more,more,big,med,acc
821,low,4,4,small,high,acc
1456,high,3,more,big,med,acc
877,vhigh,2,4,med,med,unacc
913,vhigh,3,more,med,med,acc
152,high,3,4,big,high,unacc
1583,med,4,4,big,high,vgood
509,vhigh,4,more,med,high,unacc
1135,med,4,2,small,med,unacc
1250,low,4,2,big,high,unacc
1440,high,3,4,small,low,unacc
103,vhigh,5more,more,med,med,unacc
586,high,3,more,small,med,unacc
1527,med,2,4,big,low,unacc
1143,med,4,4,small,low,unacc
53,vhigh,3,more,big,high,unacc
151,high,3,4,big,med,unacc
403,low,4,more,big,med,acc
1674,low,4,2,small,low,unacc
207,high,5more,more,small,low,unacc
1631,low,2,4,small,high,good
1122,med,3,4,big,low,unacc
1512,med,2,2,small,low,unacc
8,vhigh,2,2,big,high,unacc
1014,high,3,4,big,low,unacc
1549,med,3,4,small,med,acc
1060,high,5more,2,big,med,unacc
452,vhigh,2,more,small,high,unacc
253,med,3,4,small,med,unacc
1327,vhigh,3,2,med,med,unacc
896,vhigh,3,2,med,high,unacc
1640,low,2,more,small,high,unacc
880,vhigh,2,4,big,med,acc
1626,low,2,2,big,low,unacc
623,high,5more,2,small,high,unacc
345,low,2,more,med,low,unacc
1475,high,4,4,big,high,vgood
262,med,3,more,small,med,unacc
1321,vhigh,2,more,big,med,acc
1438,high,3,2,big,med,unacc
150,high,3,4,big,low,unacc
472,vhigh,3,4,med,med,unacc
640,high,5more,more,small,med,unacc
1711,low,5more,4,small,med,acc
1623,low,2,2,med,low,unacc
550,high,2,4,small,med,unacc
928,vhigh,4,4,small,med,unacc
488,vhigh,4,2,small,high,unacc
1563,med,3,more,big,low,unacc
1171,med,5more,4,small,med,acc
146,high,3,4,small,high,unacc
1661,low,3,4,med,high,good
402,low,4,more,big,low,unacc
954,vhigh,5more,4,small,low,unacc
1618,med,5more,more,big,med,good
659,med,2,4,small,high,acc
1372,vhigh,4,more,med,med,acc
463,vhigh,3,2,med,med,unacc
1349,vhigh,3,more,big,high,acc
186,high,4,more,big,low,unacc
1147,med,4,4,med,med,acc
1224,low,3,4,small,low,unacc
608,high,4,4,med,high,acc
143,high,3,2,big,high,unacc
751,med,5more,more,med,med,acc
981,high,2,4,small,low,unacc
197,high,5more,2,big,high,unacc
883,vhigh,2,more,small,med,unacc
279,med,4,4,small,low,unacc
293,med,4,more,med,high,acc
1572,med,4,2,big,low,unacc
400,low,4,more,med,med,acc
122,high,2,4,med,high,unacc
1207,low,2,more,small,med,unacc
202,high,5more,4,med,med,unacc
1462,high,4,2,med,med,unacc
835,low,4,more,big,med,acc
246,med,3,2,med,low,unacc
1439,high,3,2,big,high,unacc
1637,low,2,4,big,high,vgood
1621,low,2,2,small,med,unacc
1153,med,4,more,small,med,acc
1426,high,2,more,med,med,acc
384,low,4,2,big,low,unacc
1518,med,2,2,big,low,unacc
854,low,5more,4,big,high,acc
219,med,2,2,med,low,unacc
641,high,5more,more,small,high,acc
1,vhigh,2,2,small,med,unacc
112,high,2,2,med,med,unacc
698,med,3,more,med,high,acc
1648,low,3,2,small,med,unacc
951,vhigh,5more,2,big,low,unacc
1511,high,5more,more,big,high,vgood
1410,high,2,2,big,low,unacc
1409,high,2,2,med,high,unacc
1291,low,5more,more,med,med,good
1560,med,3,more,med,low,unacc
441,vhigh,2,4,small,low,unacc
1136,med,4,2,small,high,unacc
1256,low,4,4,med,high,vgood
1606,med,5more,4,med,med,good
1397,vhigh,5more,more,small,high,acc
663,med,2,4,big,low,unacc
1582,med,4,4,big,med,good
1257,low,4,4,big,low,unacc
1532,med,2,more,small,high,unacc
317,med,5more,more,small,high,acc
648,med,2,2,small,low,unacc
1434,high,3,2,med,low,unacc
1479,high,4,more,med,low,unacc
709,med,4,2,big,med,unacc
1382,vhigh,5more,2,med,high,unacc
1282,low,5more,4,med,med,good
972,high,2,2,small,low,unacc
627,high,5more,2,big,low,unacc
632,high,5more,4,small,high,acc
1306,vhigh,2,4,small,med,unacc
1400,vhigh,5more,more,med,high,acc
1408,high,2,2,med,med,unacc
1248,low,4,2,big,low,unacc
1683,low,4,4,small,low,unacc
1254,low,4,4,med,low,unacc
1496,high,5more,4,small,high,acc
1371,vhigh,4,more,med,low,unacc
1529,med,2,4,big,high,vgood
1354,vhigh,4,2,med,med,unacc
1658,low,3,4,small,high,good
1593,med,5more,2,small,low,unacc
795,low,3,4,med,low,unacc
645,high,5more,more,big,low,unacc
1012,high,3,4,med,med,unacc
556,high,2,4,big,med,acc
681,med,3,2,big,low,unacc
577,high,3,4,small,med,unacc
1109,med,3,2,small,high,unacc
1266,low,4,more,big,low,unacc
1183,med,5more,more,med,med,acc
524,vhigh,5more,4,small,high,unacc
1059,high,5more,2,big,low,unacc
540,high,2,2,small,low,unacc
1194,low,2,2,big,low,unacc
748,med,5more,more,small,med,unacc
1596,med,5more,2,med,low,unacc
1430,high,2,more,big,high,vgood
484,vhigh,3,more,big,med,unacc
95,vhigh,5more,4,med,high,unacc
1020,high,3,more,med,low,unacc
563,high,2,more,med,high,acc
1264,low,4,more,med,med,good
742,med,5more,4,med,med,acc
863,low,5more,more,big,high,acc
1484,high,4,more,big,high,vgood
891,vhigh,3,2,small,low,unacc
1038,high,4,4,med,low,unacc
206,high,5more,4,big,high,unacc
392,low,4,4,med,high,acc
794,low,3,4,small,high,acc
870,vhigh,2,2,big,low,unacc
397,low,4,more,small,med,unacc
766,low,2,4,small,med,unacc
1586,med,4,more,small,high,good
1241,low,3,more,big,high,vgood
1028,high,4,2,small,high,unacc
642,high,5more,more,med,low,unacc
1628,low,2,2,big,high,unacc
612,high,4,more,small,low,unacc
960,vhigh,5more,4,big,low,unacc
1570,med,4,2,med,med,unacc
725,med,4,more,med,high,acc
683,med,3,2,big,high,unacc
98,vhigh,5more,4,big,high,unacc
804,low,3,more,med,low,unacc
406,low,5more,2,small,med,unacc
502,vhigh,4,4,big,med,unacc
1071,high,5more,more,small,low,unacc
1056,high,5more,2,med,low,unacc
929,vhigh,4,4,small,high,acc
779,low,2,more,med,high,acc
200,high,5more,4,small,high,unacc
134,high,2,more,big,high,unacc
1051,high,4,more,big,med,acc
40,vhigh,3,4,med,med,unacc
1017,high,3,more,small,low,unacc
230,med,2,4,med,high,acc
1513,med,2,2,small,med,unacc
378,low,4,2,small,low,unacc
288,med,4,more,small,low,unacc
418,low,5more,4,med,med,acc
391,low,4,4,med,med,acc
592,high,3,more,big,med,acc
1522,med,2,4,small,med,acc
1162,med,5more,2,small,med,unacc
1086,med,2,2,big,low,unacc
1495,high,5more,4,small,med,acc
647,high,5more,more,big,high,acc
1152,med,4,more,small,low,unacc
1367,vhigh,4,4,big,high,acc
520,vhigh,5more,2,big,med,unacc
64,vhigh,4,4,small,med,unacc
14,vhigh,2,4,med,high,unacc
1180,med,5more,more,small,med,acc
1064,high,5more,4,small,high,acc
492,vhigh,4,2,big,low,unacc
379,low,4,2,small,med,unacc
187,high,4,more,big,med,unacc
763,low,2,2,big,med,unacc
216,med,2,2,small,low,unacc
791,low,3,2,big,high,unacc
1076,high,5more,more,med,high,acc
878,vhigh,2,4,med,high,acc
337,low,2,4,med,med,unacc
719,med,4,4,big,high,acc
295,med,4,more,big,med,acc
1016,high,3,4,big,high,acc
1275,low,5more,2,big,low,unacc
1485,high,5more,2,small,low,unacc
455,vhigh,2,more,med,high,unacc
1724,low,5more,more,med,high,vgood
815,low,4,2,med,high,unacc
269,med,3,more,big,high,acc
995,high,2,more,med,high,acc
201,high,5more,4,med,low,unacc
161,high,3,more,big,high,unacc
1579,med,4,4,med,med,good
729,med,5more,2,small,low,unacc
401,low,4,more,med,high,acc
702,med,4,2,small,low,unacc
1500,high,5more,4,big,low,unacc
1129,med,3,more,med,med,acc
565,high,2,more,big,med,acc
1413,high,2,4,small,low,unacc
1021,high,3,more,med,med,acc
1025,high,3,more,big,high,acc
1411,high,2,2,big,med,unacc
1585,med,4,more,small,med,acc
1104,med,2,more,big,low,unacc
205,high,5more,4,big,med,unacc
34,vhigh,3,2,big,med,unacc
775,low,2,more,small,med,unacc
508,vhigh,4,more,med,med,unacc
1451,high,3,more,small,high,acc
1478,high,4,more,small,high,acc
1699,low,4,more,big,med,good
1390,vhigh,5more,4,med,med,acc
91,vhigh,5more,4,small,med,unacc
1363,vhigh,4,4,med,med,acc
897,vhigh,3,2,big,low,unacc
564,high,2,more,big,low,unacc
1369,vhigh,4,more,small,med,unacc
776,low,2,more,small,high,unacc
241,med,2,more,big,med,acc
13,vhigh,2,4,med,med,unacc
315,med,5more,more,small,low,unacc
600,high,4,2,big,low,unacc
387,low,4,4,small,low,unacc
1297,vhigh,2,2,small,med,unacc
166,high,4,2,med,med,unacc
840,low,5more,2,med,low,unacc
20,vhigh,2,more,small,high,unacc
646,high,5more,more,big,med,acc
1508,high,5more,more,med,high,vgood
1154,med,4,more,small,high,acc
1528,med,2,4,big,med,good
831,low,4,more,med,low,unacc
1267,low,4,more,big,med,good
1590,med,4,more,big,low,unacc
562,high,2,more,med,med,unacc
1682,low,4,2,big,high,unacc
686,med,3,4,small,high,acc
957,vhigh,5more,4,med,low,unacc
189,high,5more,2,small,low,unacc
975,high,2,2,med,low,unacc
699,med,3,more,big,low,unacc
1499,high,5more,4,med,high,vgood
510,vhigh,4,more,big,low,unacc
1082,med,2,2,small,high,unacc
474,vhigh,3,4,big,low,unacc
1584,med,4,more,small,low,unacc
856,low,5more,more,small,med,unacc
747,med,5more,more,small,low,unacc
252,med,3,4,small,low,unacc
21,vhigh,2,more,med,low,unacc
1337,vhigh,3,4,med,high,acc
459,vhigh,3,2,small,low,unacc
1184,med,5more,more,med,high,vgood
276,med,4,2,big,low,unacc
955,vhigh,5more,4,small,med,unacc
1215,low,3,2,small,low,unacc
385,low,4,2,big,med,unacc
805,low,3,more,med,med,acc
1437,high,3,2,big,low,unacc
1515,med,2,2,med,low,unacc
343,low,2,more,small,med,unacc
769,low,2,4,med,med,unacc
1332,vhigh,3,4,small,low,unacc
1685,low,4,4,small,high,good
130,high,2,more,med,med,unacc
1687,low,4,4,med,med,good
871,vhigh,2,2,big,med,unacc
1123,med,3,4,big,med,acc
1396,vhigh,5more,more,small,med,unacc
87,vhigh,5more,2,big,low,unacc
1482,high,4,more,big,low,unacc
330,low,2,2,big,low,unacc
1238,low,3,more,med,high,vgood
466,vhigh,3,2,big,med,unacc
121,high,2,4,med,med,unacc
1638,low,2,more,small,low,unacc
1044,high,4,more,small,low,unacc
1095,med,2,4,big,low,unacc
1130,med,3,more,med,high,vgood
1294,low,5more,more,big,med,good
860,low,5more,more,med,high,acc
1459,high,4,2,small,med,unacc
1126,med,3,more,small,med,acc
